380,-0.0001,0.0000,-0.0002
385,-0.0003,0.0000,-0.0010
390,-0.0009,-0.0001,-0.0036
395,-0.0026,-0.0004,-0.0110
400,-0.0069,-0.0009,-0.0294
405,-0.0134,-0.0015,-0.0558
410,-0.0197,-0.0019,-0.0820
415,-0.0248,-0.0022,-0.1030
420,-0.0276,-0.0021,-0.1140
425,-0.0263,-0.0017,-0.1079
430,-0.0216,-0.0009,-0.0872
435,-0.0122,0.0005,-0.0455
440,-0.0021,0.0015,-0.0027
445,0.0036,0.0008,0.0171
450,0.0092,-0.0003,0.0342
455,0.0186,-0.0005,0.0703
460,0.0263,-0.0011,0.0976
465,0.0256,-0.0036,0.0859
470,0.0225,-0.0060,0.0641
475,0.0214,-0.0065,0.0547
480,0.0205,-0.0060,0.0475
485,0.0197,-0.0045,0.0397
490,0.0187,-0.0031,0.0319
495,0.0167,-0.0037,0.0228
500,0.0146,-0.0047,0.0150
505,0.0133,-0.0059,0.0117
510,0.0118,-0.0060,0.0096
515,0.0094,-0.0025,0.0062
520,0.0061,0.0010,0.0029
525,0.0017,0.0005,0.0005
530,-0.0033,-0.0011,-0.0012
535,-0.0085,-0.0020,-0.0020
540,-0.0139,-0.0028,-0.0022
545,-0.0194,-0.0039,-0.0024
550,-0.0247,-0.0044,-0.0024
555,-0.0286,-0.0027,-0.0021
560,-0.0334,-0.0022,-0.0017
565,-0.0426,-0.0073,-0.0015
570,-0.0517,-0.0127,-0.0014
575,-0.0566,-0.0129,-0.0013
580,-0.0600,-0.0126,-0.0013
585,-0.0637,-0.0162,-0.0011
590,-0.0656,-0.0196,-0.0009
595,-0.0638,-0.0199,-0.0008
600,-0.0595,-0.0187,-0.0006
605,-0.0530,-0.0170,-0.0005
610,-0.0448,-0.0145,-0.0004
615,-0.0346,-0.0112,0.0000
620,-0.0242,-0.0077,0.0002
625,-0.0155,-0.0048,0.0000
630,-0.0085,-0.0025,-0.0002
635,-0.0044,-0.0012,-0.0002
640,-0.0019,-0.0006,0.0000
645,-0.0001,0.0000,0.0000
650,0.0010,0.0003,0.0000
655,0.0016,0.0005,0.0000
660,0.0019,0.0006,0.0000
665,0.0019,0.0006,0.0000
670,0.0017,0.0006,0.0000
675,0.0013,0.0005,0.0000
680,0.0009,0.0003,0.0000
685,0.0006,0.0002,0.0000
690,0.0004,0.0001,0.0000
695,0.0003,0.0001,0.0000
700,0.0002,0.0001,0.0000
705,0.0001,0.0000,0.0000
710,0.0001,0.0000,0.0000
715,0.0001,0.0000,0.0000
720,0.0000,0.0000,0.0000
725,0.0000,0.0000,0.0000
730,0.0000,0.0000,0.0000
735,0.0000,0.0000,0.0000
740,0.0000,0.0000,0.0000
745,0.0000,0.0000,0.0000
750,0.0000,0.0000,0.0000
755,0.0000,0.0000,0.0000
760,0.0000,0.0000,0.0000
765,0.0000,0.0000,0.0000
770,0.0000,0.0000,0.0000
775,0.0000,0.0000,0.0000
780,0.0000,0.0000,0.0000
